# name	exact%	close%	rmse	note
CP1/Fractal/32BPP/320X240/Julia/Double/Julia32BPP320X240	72.60	72.60	48.85	
CP1/Fractal/32BPP/320X240/Julia/Single/Julia32BPP320X240	72.60	72.60	48.85	
CP1/Fractal/32BPP/320X240/JuliaInput/Double/JuliaInput32BPP320X240	0.42	0.42	135.96	REF-DEDUP 3
CP1/Fractal/32BPP/320X240/JuliaInput/Single/JuliaInput32BPP320X240	0.42	0.42	135.96	REF-DEDUP 3
CP1/Fractal/32BPP/320X240/Mandelbrot/Double/Mandelbrot32BPP320X240	100.00	100.00	0.00	REF-DEDUP 3
CP1/Fractal/32BPP/320X240/Mandelbrot/Single/Mandelbrot32BPP320X240	99.72	99.72	5.46	REF-DEDUP 3
CP1/Fractal/32BPP/320X240/MandelbrotInput/Double/MandelbrotInput32BPP320X240	5.57	5.57	90.85	REF-DEDUP 3
CP1/Fractal/32BPP/320X240/MandelbrotInput/Single/MandelbrotInput32BPP320X240	5.57	5.57	90.85	REF-DEDUP 3
CP1/Fractal/32BPP/640X480/Julia/Double/Julia32BPP640X480	72.40	72.40	48.30	
CP1/Fractal/32BPP/640X480/Julia/Single/Julia32BPP640X480	72.40	72.40	48.30	
CP1/Fractal/32BPP/640X480/Mandelbrot/Double/Mandelbrot32BPP640X480	41.61	41.61	121.59	
CP1/Fractal/32BPP/640X480/Mandelbrot/Single/Mandelbrot32BPP640X480	41.61	41.61	121.59	
CPUTest/CP0/COP0Cause/COP0Cause	98.40	98.40	25.11	
CPUTest/CP1/ABS/CP1ABS	100.00	100.00	0.00	
CPUTest/CP1/ADD/CP1ADD	100.00	100.00	0.00	
CPUTest/CP1/C/EQ/CP1CEQ	100.00	100.00	0.00	
CPUTest/CP1/C/F/CP1CF	100.00	100.00	0.00	
CPUTest/CP1/C/FPUCompare/FPUCompare-c.eq.s	100.00	100.00	0.00	SIZE 640x240 vs ref 640x480
CPUTest/CP1/C/FPUCompare/FPUCompare-c.f.s	100.00	100.00	0.00	SIZE 640x240 vs ref 640x480
CPUTest/CP1/C/FPUCompare/FPUCompare-c.le.s	100.00	100.00	0.00	SIZE 640x240 vs ref 640x480
CPUTest/CP1/C/FPUCompare/FPUCompare-c.lt.s	100.00	100.00	0.00	SIZE 640x240 vs ref 640x480
CPUTest/CP1/C/FPUCompare/FPUCompare-c.nge.s	100.00	100.00	0.00	SIZE 640x240 vs ref 640x480
CPUTest/CP1/C/FPUCompare/FPUCompare-c.ngl.s	100.00	100.00	0.00	SIZE 640x240 vs ref 640x480
CPUTest/CP1/C/FPUCompare/FPUCompare-c.ngle.s	100.00	100.00	0.00	SIZE 640x240 vs ref 640x480
CPUTest/CP1/C/FPUCompare/FPUCompare-c.ngt.s	100.00	100.00	0.00	SIZE 640x240 vs ref 640x480
CPUTest/CP1/C/FPUCompare/FPUCompare-c.ole.s	100.00	100.00	0.00	SIZE 640x240 vs ref 640x480
CPUTest/CP1/C/FPUCompare/FPUCompare-c.olt.s	100.00	100.00	0.00	SIZE 640x240 vs ref 640x480
CPUTest/CP1/C/FPUCompare/FPUCompare-c.seq.s	100.00	100.00	0.00	SIZE 640x240 vs ref 640x480
CPUTest/CP1/C/FPUCompare/FPUCompare-c.sf.s	100.00	100.00	0.00	SIZE 640x240 vs ref 640x480
CPUTest/CP1/C/FPUCompare/FPUCompare-c.ueq.s	100.00	100.00	0.00	SIZE 640x240 vs ref 640x480
CPUTest/CP1/C/FPUCompare/FPUCompare-c.ule.s	100.00	100.00	0.00	SIZE 640x240 vs ref 640x480
CPUTest/CP1/C/FPUCompare/FPUCompare-c.ult.s	100.00	100.00	0.00	SIZE 640x240 vs ref 640x480
CPUTest/CP1/C/FPUCompare/FPUCompare-c.un.s	100.00	100.00	0.00	SIZE 640x240 vs ref 640x480
CPUTest/CP1/C/LE/CP1CLE	100.00	100.00	0.00	
CPUTest/CP1/C/LT/CP1CLT	100.00	100.00	0.00	
CPUTest/CP1/C/NGE/CP1CNGE	100.00	100.00	0.00	
CPUTest/CP1/C/NGL/CP1CNGL	100.00	100.00	0.00	
CPUTest/CP1/C/NGLE/CP1CNGLE	100.00	100.00	0.00	
CPUTest/CP1/C/NGT/CP1CNGT	100.00	100.00	0.00	
CPUTest/CP1/C/OLE/CP1COLE	100.00	100.00	0.00	
CPUTest/CP1/C/OLT/CP1COLT	100.00	100.00	0.00	
CPUTest/CP1/C/SEQ/CP1CSEQ	100.00	100.00	0.00	
CPUTest/CP1/C/SF/CP1CSF	100.00	100.00	0.00	
CPUTest/CP1/C/UEQ/CP1CUEQ	100.00	100.00	0.00	
CPUTest/CP1/C/ULE/CP1CULE	100.00	100.00	0.00	
CPUTest/CP1/C/ULT/CP1CULT	100.00	100.00	0.00	
CPUTest/CP1/C/UN/CP1CUN	100.00	100.00	0.00	
CPUTest/CP1/CEIL/CP1CEIL	100.00	100.00	0.00	
CPUTest/CP1/COP1FullMode/COP1FullMode	100.00	100.00	0.00	SIZE 640x240 vs ref 640x480
CPUTest/CP1/CVT/CP1CVT	100.00	100.00	0.00	
CPUTest/CP1/DIV/CP1DIV	100.00	100.00	0.00	
CPUTest/CP1/FLOOR/CP1FLOOR	100.00	100.00	0.00	
CPUTest/CP1/MUL/CP1MUL	100.00	100.00	0.00	
CPUTest/CP1/NEG/CP1NEG	100.00	100.00	0.00	
CPUTest/CP1/ROUND/CP1ROUND	100.00	100.00	0.00	
CPUTest/CP1/SQRT/CP1SQRT	100.00	100.00	0.00	
CPUTest/CP1/SUB/CP1SUB	100.00	100.00	0.00	
CPUTest/CP1/TRUNC/CP1TRUNC	100.00	100.00	0.00	
CPUTest/CPU/ADD/CPUADD	100.00	100.00	0.00	
CPUTest/CPU/ADDU/CPUADDU	100.00	100.00	0.00	
CPUTest/CPU/AND/CPUAND	100.00	100.00	0.00	
CPUTest/CPU/DADD/CPUDADD	100.00	100.00	0.00	
CPUTest/CPU/DADDU/CPUDADDU	100.00	100.00	0.00	
CPUTest/CPU/DDIV/CPUDDIV	100.00	100.00	0.00	
CPUTest/CPU/DDIVU/CPUDDIVU	100.00	100.00	0.00	
CPUTest/CPU/DIV/CPUDIV	100.00	100.00	0.00	
CPUTest/CPU/DIVU/CPUDIVU	100.00	100.00	0.00	
CPUTest/CPU/DMULT/CPUDMULT	100.00	100.00	0.00	
CPUTest/CPU/DMULTU/CPUDMULTU	100.00	100.00	0.00	
CPUTest/CPU/DSUB/CPUDSUB	100.00	100.00	0.00	
CPUTest/CPU/DSUBU/CPUDSUBU	100.00	100.00	0.00	
CPUTest/CPU/LOADSTORE/LB/CPULB	100.00	100.00	0.00	
CPUTest/CPU/LOADSTORE/LD/CPULD	100.00	100.00	0.00	
CPUTest/CPU/LOADSTORE/LH/CPULH	100.00	100.00	0.00	
CPUTest/CPU/LOADSTORE/LL_LLD_SC_SCD/LL_LLD_SC_SCD	99.91	99.91	7.59	SIZE 640x240 vs ref 640x480
CPUTest/CPU/LOADSTORE/LW/CPULW	100.00	100.00	0.00	
CPUTest/CPU/LOADSTORE/SB/CPUSB	98.57	98.57	29.68	
CPUTest/CPU/LOADSTORE/SD/CPUSD	100.00	100.00	0.00	
CPUTest/CPU/LOADSTORE/SH/CPUSH	98.64	98.64	29.12	
CPUTest/CPU/LOADSTORE/SW/CPUSW	100.00	100.00	0.00	
CPUTest/CPU/MULT/CPUMULT	100.00	100.00	0.00	
CPUTest/CPU/MULTU/CPUMULTU	100.00	100.00	0.00	
CPUTest/CPU/NOR/CPUNOR	100.00	100.00	0.00	
CPUTest/CPU/OR/CPUOR	100.00	100.00	0.00	
CPUTest/CPU/SHIFT/DSLL/CPUDSLL	100.00	100.00	0.00	
CPUTest/CPU/SHIFT/DSLL32/CPUDSLL32	100.00	100.00	0.00	
CPUTest/CPU/SHIFT/DSLLV/CPUDSLLV	100.00	100.00	0.00	
CPUTest/CPU/SHIFT/DSRA/CPUDSRA	100.00	100.00	0.00	
CPUTest/CPU/SHIFT/DSRA32/CPUDSRA32	100.00	100.00	0.00	
CPUTest/CPU/SHIFT/DSRAV/CPUDSRAV	100.00	100.00	0.00	
CPUTest/CPU/SHIFT/DSRL/CPUDSRL	100.00	100.00	0.00	
CPUTest/CPU/SHIFT/DSRL32/CPUDSRL32	100.00	100.00	0.00	
CPUTest/CPU/SHIFT/DSRLV/CPUDSRLV	100.00	100.00	0.00	
CPUTest/CPU/SHIFT/SLL/CPUSLL	100.00	100.00	0.00	
CPUTest/CPU/SHIFT/SLLV/CPUSLLV	100.00	100.00	0.00	
CPUTest/CPU/SHIFT/SRA/CPUSRA	100.00	100.00	0.00	
CPUTest/CPU/SHIFT/SRAV/CPUSRAV	100.00	100.00	0.00	
CPUTest/CPU/SHIFT/SRL/CPUSRL	100.00	100.00	0.00	
CPUTest/CPU/SHIFT/SRLV/CPUSRLV	100.00	100.00	0.00	
CPUTest/CPU/SUB/CPUSUB	100.00	100.00	0.00	
CPUTest/CPU/SUBU/CPUSUBU	100.00	100.00	0.00	
CPUTest/CPU/XOR/CPUXOR	100.00	100.00	0.00	
CPUTest/DMAAlignment-PI-cart/DMAAlignment-PI-ROM-FROM	98.61	98.61	24.84	SIZE 640x240 vs ref 640x480
CPUTest/DMAAlignment-PI-cart/DMAAlignment-PI-ROM-FROM_large_2	100.00	100.00	0.00	SIZE 640x240 vs ref 640x480
CPUTest/DMAAlignment-PI-cart/DMAAlignment-PI-ROM-FROM_large_4	100.00	100.00	0.00	SIZE 640x240 vs ref 640x480
CPUTest/DMAAlignment-PI-cart/DMAAlignment-PI-ROM-FROM_large_6	100.00	100.00	0.00	SIZE 640x240 vs ref 640x480
CPUTest/Exceptions/Compare/ExceptionCompareDisabled	99.86	99.86	9.42	
CPUTest/Exceptions/Compare/ExceptionCompareRegisters	99.99	99.99	2.97	
CPUTest/Exceptions/Syscall/ExceptionSyscall	99.31	99.31	21.19	
CPUTest/Exceptions/Syscall/ExceptionSyscallDelay	99.31	99.31	21.19	
CPUTest/Exceptions/Syscall/ExceptionSyscallDelay2	99.33	99.33	20.95	
CPUTest/Exceptions/Syscall/ExceptionSyscallWhileInException	99.31	99.31	21.19	
CPUTest/Exceptions/TLB/ExceptionTLBReadMiss	98.58	98.58	29.31	
CPUTest/Exceptions/TLB/ExceptionTLBReadMissDelay	98.50	98.50	30.14	
CPUTest/Exceptions/TLB/ExceptionTLBReadMissNested	98.58	98.58	29.32	
CPUTest/Exceptions/TLB/ExceptionTLBReadMissNestedDelay	98.59	98.59	29.12	
CPUTest/Exceptions/TLB/ExceptionTLBWriteMiss	98.53	98.53	29.78	
CPUTest/Exceptions/TLB/ExceptionTLBWriteMissDelay	98.56	98.56	29.46	
CPUTest/Exceptions/Trap/ExceptionTEQ	98.92	98.92	23.91	
CPUTest/Exceptions/Trap/ExceptionTEQDelay	98.92	98.92	23.91	
CPUTest/Exceptions/Unaligned/ExceptionUnaligned	99.73	99.73	13.17	
CPUTest/Exceptions/Unaligned/ExceptionUnalignedDelay	99.33	99.33	17.36	
CPUTest/Exceptions/VIIntr/ExceptionVIIntrDisabled	100.00	100.00	0.00	
Compress/DCT/DCTBlockGFX/DCTBlockGFX	100.00	100.00	0.00	
Compress/DCT/FastDCTBlockGFX/FastDCTBlockGFX	100.00	100.00	0.00	
Compress/DCT/FastQuantizationBlockGFX/FastQuantizationBlockGFX	100.00	100.00	0.00	
Compress/DCT/FastQuantizationMultiBlockGFX16BIT/FastQuantizationMultiBlockGFX16BIT	11.00	91.53	5.04	
Compress/DCT/FastQuantizationMultiBlockGFX8BIT/FastQuantizationMultiBlockGFX8BIT	100.00	100.00	0.00	
Compress/DCT/QuantizationBlockGFX/QuantizationBlockGFX	100.00	100.00	0.00	
Compress/DCT/QuantizationMultiBlockGFX16BIT/QuantizationMultiBlockGFX16BIT	13.80	79.12	20.77	REF-DEDUP 3
Compress/DCT/QuantizationMultiBlockGFX8BIT/QuantizationMultiBlockGFX8BIT	88.02	88.02	21.89	REF-DEDUP 3
Compress/HUFFMAN/HUFFMANGFX/HUFFMANGFX	99.41	99.41	11.76	
Compress/HUFFMAN/HUFFMANROMGFX/HUFFMANROMGFX	99.33	99.33	12.49	
Compress/LZ77/LZ77GFX/LZ77GFX	99.40	99.40	11.84	
Compress/LZ77/LZ77ROMGFX/LZ77ROMGFX	99.33	99.33	12.49	
EMU/GameBoy/PPU/2BPPTile8x8/PPU2BPPTile8x8	66.03	80.08	27.05	
EMU/SNES/PPU/2BPPTile8x8/PPU2BPPTile8x8	32.88	60.26	60.47	SIZE 272x240 vs ref 320x240
EMU/SNES/PPU/4BPPTile8x8/PPU4BPPTile8x8	27.04	59.87	36.90	SIZE 272x240 vs ref 320x240
EMU/SNES/PPU/8BPPTile8x8/PPU8BPPTile8x8	23.84	63.72	25.38	SIZE 272x240 vs ref 320x240
EMU/SNES/SPC/SPCEMU	99.18	99.18	19.89	
FrameBuffer/16BPP/FrameBufferCPU320x240/FrameBufferCPU16BPP320X240	98.64	100.00	0.28	
FrameBuffer/16BPP/FrameBufferDMA320x240/FrameBufferDMA16BPP320X240	98.64	100.00	0.28	
FrameBuffer/32BPP/FrameBufferCPU640x480/FrameBufferCPU32BPP640X480	100.00	100.00	0.00	
FrameBuffer/32BPP/FrameBufferDMA640x480/FrameBufferDMA32BPP640X480	100.00	100.00	0.00	
HelloWorld/16BPP/HelloWorldCPU320x240/HelloWorldCPU16BPP320X240	99.42	99.42	15.69	
HelloWorld/16BPP/HelloWorldRDP320x240/HelloWorldRDP16BPP320X240	100.00	100.00	0.00	
HelloWorld/32BPP/HelloWorldCPU320x240/HelloWorldCPU32BPP320X240	99.42	99.42	15.69	
HelloWorld/32BPP/HelloWorldRDP320x240/HelloWorldRDP32BPP320X240	0.00	100.00	13.61	BAD-ORACLE: ref PNG duplicated from the 16BPP ROM
Input/CPU/InputCPU	100.00	100.00	0.00	
Input/CPU2Player/InputCPU2Player	99.99	99.99	1.50	
Input/RDP/InputRDP	100.00	100.00	0.00	
Interrupt/VI/InterruptVI	99.98	99.98	2.98	
Interrupt/VIScrollingBGDMA16BPP320X240/VIScrollingBGDMA16BPP320X240	0.00	46.38	17.54	
Interrupt/VIScrollingBGDMA32BPP320X240/VIScrollingBGDMA32BPP320X240	0.21	55.52	15.49	
N64NICCC/N64NICCC	98.01	98.01	17.29	SIZE 256x199 vs ref 320x240
RCP/VI/CoverageTest/CoverageTest	91.76	93.45	29.69	SIZE 320x240 vs ref 320x237
RCP/Version/RCPVersion	98.50	98.50	24.99	SIZE 320x240 vs ref 640x480
RDP/16BPP/Line/FillLine/Cycle1FillLine320x240/Cycle1FillLine16BPP320X240	99.21	99.21	14.61	
RDP/16BPP/Line/FillLine/FillLine320x240/FillLine16BPP320X240	99.18	99.18	14.32	
RDP/16BPP/Line/Plot/FillLine/PlotFillLine16BPP320X240	99.87	99.87	4.81	
RDP/16BPP/Line/Rotate/FillLine/RotateFillLine16BPP320X240	0.00	99.41	17.57	
RDP/16BPP/Rectangle/FillRectangle/Cycle1FillRectangle320x240/Cycle1FillRectangle16BPP320X240	98.65	98.65	24.18	
RDP/16BPP/Rectangle/FillRectangle/FillRectangle320x240/FillRectangle16BPP320X240	98.64	98.64	23.61	
RDP/16BPP/Rectangle/FillZBufferRectangle320x240/Cycle1FillZBufferRectangle16BPP320X240	98.94	98.94	17.26	
RDP/16BPP/Rectangle/TextureRectangle/CopyTextureRectangleRGBA16B320x240/CopyTextureRectangle16BPPRGBA16B320X240	99.54	99.54	13.76	
RDP/16BPP/Rectangle/TextureRectangle/Cycle1TextureRectangleI4B320x240/Cycle1TextureRectangle16BPPI4B320X240	93.96	96.88	15.61	
RDP/16BPP/Rectangle/TextureRectangle/Cycle1TextureRectangleI8B320x240/Cycle1TextureRectangle16BPPI8B320X240	95.77	97.25	15.52	
RDP/16BPP/Rectangle/TextureRectangle/Cycle1TextureRectangleIA16B320x240/Cycle1TextureRectangle16BPPIA16B320X240	95.93	97.50	27.96	
RDP/16BPP/Rectangle/TextureRectangle/Cycle1TextureRectangleIA4B320x240/Cycle1TextureRectangle16BPPIA4B320X240	94.21	97.22	31.22	
RDP/16BPP/Rectangle/TextureRectangle/Cycle1TextureRectangleIA8B320x240/Cycle1TextureRectangle16BPPIA8B320X240	95.93	97.50	27.93	
RDP/16BPP/Rectangle/TextureRectangle/Cycle1TextureRectangleRGBA16B320x240/Cycle1TextureRectangle16BPPRGBA16B320X240	95.93	97.80	27.73	
RDP/16BPP/Rectangle/TextureRectangle/Cycle1TextureRectangleRGBA32B320x240/Cycle1TextureRectangle16BPPRGBA32B320X240	96.17	97.80	27.73	
RDP/16BPP/Rectangle/TextureRectangle/Cycle1TextureRectangleYUV16B320x240/Cycle1TextureRectangle16BPPYUV16B320X240	99.74	99.74	7.49	
RDP/16BPP/Rectangle/TextureRectangle/TLUT/CopyTextureRectangleTLUTRGBA4B320x240/CopyTextureRectangle16BPPTLUTRGBA4B320X240	99.40	99.40	15.76	
RDP/16BPP/Rectangle/TextureRectangle/TLUT/CopyTextureRectangleTLUTRGBA8B320x240/CopyTextureRectangle16BPPTLUTRGBA8B320X240	99.54	99.54	13.76	
RDP/16BPP/Rectangle/TextureRectangle/TLUT/Cycle1TextureRectangleTLUTIA4B320x240/Cycle1TextureRectangle16BPPTLUTIA4B320X240	89.73	90.31	30.70	
RDP/16BPP/Rectangle/TextureRectangle/TLUT/Cycle1TextureRectangleTLUTIA8B320x240/Cycle1TextureRectangle16BPPTLUTIA8B320X240	95.93	97.50	27.96	
RDP/16BPP/Rectangle/TextureRectangle/TLUT/Cycle1TextureRectangleTLUTRGBA4B320x240/Cycle1TextureRectangle16BPPTLUTRGBA4B320X240	89.73	95.23	28.30	
RDP/16BPP/Rectangle/TextureRectangle/TLUT/Cycle1TextureRectangleTLUTRGBA8B320x240/Cycle1TextureRectangle16BPPTLUTRGBA8B320X240	95.93	97.80	27.73	
RDP/16BPP/SetPrimColor/SetPrimColor16BPP	100.00	100.00	0.00	
RDP/16BPP/Triangle/Cube/FillTriangle320x240/CubeFillTriangle16BPP320X240	55.27	55.89	105.36	
RDP/16BPP/Triangle/FillTriangle/Cycle1FillTriangle320x240/Cycle1FillTriangle16BPP320X240	98.97	98.97	17.80	
RDP/16BPP/Triangle/FillTriangle/FillTriangle320x240/FillTriangle16BPP320X240	98.94	98.94	17.33	
RDP/16BPP/Triangle/FillZBufferTriangle320x240/Cycle1FillZBufferTriangle16BPP320X240	98.15	98.15	21.27	
RDP/16BPP/Triangle/Plot/FillTriangle/LeftMajorTriangle320x240/LeftMajorTriangle16BPP320X240	99.75	99.75	6.70	
RDP/16BPP/Triangle/Plot/FillTriangle/RightMajorTriangle320x240/RightMajorTriangle16BPP320X240	99.75	99.75	6.70	
RDP/16BPP/Triangle/Rotate/FillTriangle/LeftMajorTriangle320x240/RotateLeftMajorTriangle16BPP320X240	70.04	70.04	73.00	
RDP/16BPP/Triangle/Rotate/FillTriangle/RightMajorTriangle320x240/RotateRightMajorTriangle16BPP320X240	71.62	71.62	71.05	
RDP/16BPP/Triangle/ShadeTriangle320x240/Cycle1ShadeTriangle16BPP320X240	93.77	99.67	1.49	
RDP/16BPP/Triangle/TextureTriangle/CopyTextureTriangleRGBA16B320x240/CopyTextureTriangle16BPPRGBA16B320X240	99.54	99.54	13.76	
RDP/16BPP/Triangle/TextureTriangle/Cycle1TextureTriangleI4B320x240/Cycle1TextureTriangle16BPPI4B320X240	93.96	96.88	15.61	
RDP/16BPP/Triangle/TextureTriangle/Cycle1TextureTriangleI8B320x240/Cycle1TextureTriangle16BPPI8B320X240	95.77	97.25	15.52	
RDP/16BPP/Triangle/TextureTriangle/Cycle1TextureTriangleIA16B320x240/Cycle1TextureTriangle16BPPIA16B320X240	95.93	97.50	27.96	
RDP/16BPP/Triangle/TextureTriangle/Cycle1TextureTriangleIA4B320x240/Cycle1TextureTriangle16BPPIA4B320X240	94.21	97.22	31.22	
RDP/16BPP/Triangle/TextureTriangle/Cycle1TextureTriangleIA8B320x240/Cycle1TextureTriangle16BPPIA8B320X240	95.93	97.50	27.93	
RDP/16BPP/Triangle/TextureTriangle/Cycle1TextureTriangleRGBA16B320x240/Cycle1TextureTriangle16BPPRGBA16B320X240	95.93	97.80	27.73	
RDP/16BPP/Triangle/TextureTriangle/Cycle1TextureTriangleRGBA32B320x240/Cycle1TextureTriangle16BPPRGBA32B320X240	96.17	97.80	27.73	
RDP/16BPP/Triangle/TextureTriangle/Cycle1TextureTriangleYUV16B320x240/Cycle1TextureTriangle16BPPYUV16B320X240	99.73	99.73	8.05	
RDP/16BPP/Triangle/TextureTriangle/TLUT/CopyTextureTriangleTLUTRGBA4B320x240/CopyTextureTriangle16BPPTLUTRGBA4B320X240	99.40	99.40	15.76	
RDP/16BPP/Triangle/TextureTriangle/TLUT/CopyTextureTriangleTLUTRGBA8B320x240/CopyTextureTriangle16BPPTLUTRGBA8B320X240	99.54	99.54	13.76	
RDP/16BPP/Triangle/TextureTriangle/TLUT/Cycle1TextureTriangleTLUTIA4B320x240/Cycle1TextureTriangle16BPPTLUTIA4B320X240	89.73	90.31	30.70	
RDP/16BPP/Triangle/TextureTriangle/TLUT/Cycle1TextureTriangleTLUTIA8B320x240/Cycle1TextureTriangle16BPPTLUTIA8B320X240	95.93	97.50	27.96	
RDP/16BPP/Triangle/TextureTriangle/TLUT/Cycle1TextureTriangleTLUTRGBA4B320x240/Cycle1TextureTriangle16BPPTLUTRGBA4B320X240	89.73	95.23	28.30	
RDP/16BPP/Triangle/TextureTriangle/TLUT/Cycle1TextureTriangleTLUTRGBA8B320x240/Cycle1TextureTriangle16BPPTLUTRGBA8B320X240	95.93	97.80	27.73	
RDP/32BPP/Line/FillLine/Cycle1FillLine320x240/Cycle1FillLine32BPP320X240	99.21	99.21	15.10	
RDP/32BPP/Line/FillLine/FillLine320x240/FillLine32BPP320X240	99.18	99.18	15.47	
RDP/32BPP/Line/Plot/FillLine/PlotFillLine32BPP320X240	99.87	99.87	5.31	
RDP/32BPP/Line/Rotate/FillLine/RotateFillLine32BPP320X240	99.41	99.41	11.34	
RDP/32BPP/Rectangle/FillRectangle/Cycle1FillRectangle320x240/Cycle1FillRectangle32BPP320X240	98.65	98.65	24.18	
RDP/32BPP/Rectangle/FillRectangle/FillRectangle320x240/FillRectangle32BPP320X240	98.64	98.64	24.24	
RDP/32BPP/Rectangle/FillZBufferRectangle320x240/Cycle1FillZBufferRectangle32BPP320X240	98.94	98.94	17.26	
RDP/32BPP/Rectangle/TextureRectangle/Cycle1TextureRectangleI4B320x240/Cycle1TextureRectangle32BPPI4B320X240	93.96	96.81	15.26	
RDP/32BPP/Rectangle/TextureRectangle/Cycle1TextureRectangleI8B320x240/Cycle1TextureRectangle32BPPI8B320X240	95.89	97.39	14.31	
RDP/32BPP/Rectangle/TextureRectangle/Cycle1TextureRectangleIA16B320x240/Cycle1TextureRectangle32BPPIA16B320X240	96.11	97.66	27.48	
RDP/32BPP/Rectangle/TextureRectangle/Cycle1TextureRectangleIA4B320x240/Cycle1TextureRectangle32BPPIA4B320X240	94.25	97.22	31.58	
RDP/32BPP/Rectangle/TextureRectangle/Cycle1TextureRectangleIA8B320x240/Cycle1TextureRectangle32BPPIA8B320X240	96.11	97.66	27.45	
RDP/32BPP/Rectangle/TextureRectangle/Cycle1TextureRectangleRGBA16B320x240/Cycle1TextureRectangle32BPPRGBA16B320X240	96.11	97.97	27.30	
RDP/32BPP/Rectangle/TextureRectangle/Cycle1TextureRectangleRGBA32B320x240/Cycle1TextureRectangle32BPPRGBA32B320X240	96.33	97.97	27.30	
RDP/32BPP/Rectangle/TextureRectangle/Cycle1TextureRectangleYUV16B320x240/Cycle1TextureRectangle32BPPYUV16B320X240	99.74	99.74	7.31	
RDP/32BPP/Rectangle/TextureRectangle/TLUT/Cycle1TextureRectangleTLUTIA4B320x240/Cycle1TextureRectangle32BPPTLUTIA4B320X240	89.77	90.52	30.88	
RDP/32BPP/Rectangle/TextureRectangle/TLUT/Cycle1TextureRectangleTLUTIA8B320x240/Cycle1TextureRectangle32BPPTLUTIA8B320X240	96.11	97.66	27.48	
RDP/32BPP/Rectangle/TextureRectangle/TLUT/Cycle1TextureRectangleTLUTRGBA4B320x240/Cycle1TextureRectangle32BPPTLUTRGBA4B320X240	89.77	94.81	28.69	
RDP/32BPP/Rectangle/TextureRectangle/TLUT/Cycle1TextureRectangleTLUTRGBA8B320x240/Cycle1TextureRectangle32BPPTLUTRGBA8B320X240	96.11	97.97	27.30	
RDP/32BPP/SetPrimColor/SetPrimColor32BPP	1.20	100.00	13.68	
RDP/32BPP/Triangle/Cube/FillTriangle320x240/CubeFillTriangle32BPP320X240	55.27	55.89	106.89	
RDP/32BPP/Triangle/FillTriangle/Cycle1FillTriangle320x240/Cycle1FillTriangle32BPP320X240	98.97	98.97	18.33	
RDP/32BPP/Triangle/FillTriangle/FillTriangle320x240/FillTriangle32BPP320X240	98.94	98.94	18.56	
RDP/32BPP/Triangle/FillZBufferTriangle320x240/Cycle1FillZBufferTriangle32BPP320X240	98.15	98.15	21.62	
RDP/32BPP/Triangle/Plot/FillTriangle/LeftMajorTriangle320x240/LeftMajorTriangle32BPP320X240	99.75	99.75	7.40	
RDP/32BPP/Triangle/Plot/FillTriangle/RightMajorTriangle320x240/RightMajorTriangle32BPP320X240	99.75	99.75	7.40	
RDP/32BPP/Triangle/Rotate/FillTriangle/LeftMajorTriangle320x240/RotateLeftMajorTriangle32BPP320X240	70.04	70.04	80.59	
RDP/32BPP/Triangle/Rotate/FillTriangle/RightMajorTriangle320x240/RotateRightMajorTriangle32BPP320X240	69.61	69.61	81.16	
RDP/32BPP/Triangle/ShadeTriangle320x240/Cycle1ShadeTriangle32BPP320X240	0.04	99.83	13.03	
RDP/32BPP/Triangle/TextureTriangle/Cycle1TextureTriangleI4B320x240/Cycle1TextureTriangle32BPPI4B320X240	93.96	96.81	15.26	
RDP/32BPP/Triangle/TextureTriangle/Cycle1TextureTriangleI8B320x240/Cycle1TextureTriangle32BPPI8B320X240	95.89	97.39	14.31	
RDP/32BPP/Triangle/TextureTriangle/Cycle1TextureTriangleIA16B320x240/Cycle1TextureTriangle32BPPIA16B320X240	96.11	97.66	27.48	
RDP/32BPP/Triangle/TextureTriangle/Cycle1TextureTriangleIA4B320x240/Cycle1TextureTriangle32BPPIA4B320X240	94.25	97.22	31.58	
RDP/32BPP/Triangle/TextureTriangle/Cycle1TextureTriangleIA8B320x240/Cycle1TextureTriangle32BPPIA8B320X240	96.11	97.66	27.45	
RDP/32BPP/Triangle/TextureTriangle/Cycle1TextureTriangleRGBA16B320x240/Cycle1TextureTriangle32BPPRGBA16B320X240	96.11	97.97	27.30	
RDP/32BPP/Triangle/TextureTriangle/Cycle1TextureTriangleRGBA32B320x240/Cycle1TextureTriangle32BPPRGBA32B320X240	96.33	97.97	27.30	
RDP/32BPP/Triangle/TextureTriangle/Cycle1TextureTriangleYUV16B320x240/Cycle1TextureTriangle32BPPYUV16B320X240	99.73	99.73	7.87	
RDP/32BPP/Triangle/TextureTriangle/TLUT/Cycle1TextureTriangleTLUTIA4B320x240/Cycle1TextureTriangle32BPPTLUTIA4B320X240	89.77	90.52	30.88	
RDP/32BPP/Triangle/TextureTriangle/TLUT/Cycle1TextureTriangleTLUTIA8B320x240/Cycle1TextureTriangle32BPPTLUTIA8B320X240	96.11	97.66	27.48	
RDP/32BPP/Triangle/TextureTriangle/TLUT/Cycle1TextureTriangleTLUTRGBA4B320x240/Cycle1TextureTriangle32BPPTLUTRGBA4B320X240	89.77	94.81	28.69	
RDP/32BPP/Triangle/TextureTriangle/TLUT/Cycle1TextureTriangleTLUTRGBA8B320x240/Cycle1TextureTriangle32BPPTLUTRGBA8B320X240	96.11	97.97	27.30	
RDP/8BPP/Rectangle/TextureRectangle/TLUT/InternalPalette/InternalPalette	0.02	64.29	63.78	SIZE 160x240 vs ref 320x240
RDP/AlphaCompare/AlphaCompare	99.95	99.95	3.18	
RDP/AlphaCoverage/AlphaCoverage	100.00	100.00	0.00	
RDP/CombinerLongTailConstants/CombinerLongTailConstants	100.00	100.00	0.01	
RDP/CombinerOverflow/CombinerOverflow	100.00	100.00	0.00	
RDP/LoadTLUT/LoadTLUT_b16_b16	100.00	100.00	0.00	
RDP/LoadTLUT/LoadTLUT_b16_b32	95.75	95.88	27.44	
RDP/LoadTLUT/LoadTLUT_b16_b4	100.00	100.00	0.00	
RDP/LoadTLUT/LoadTLUT_b16_b8	100.00	100.00	0.00	
RDP/LoadTLUT/LoadTLUT_b16_b8_uls16	100.00	100.00	0.00	
RDP/LoadTLUT/LoadTLUT_b16_overflow	100.00	100.00	0.00	
RDP/LoadTLUT/LoadTLUT_b32_b16	100.00	100.00	0.00	
RDP/LoadTLUT/LoadTLUT_b32_b32	97.83	97.90	19.51	
RDP/LoadTLUT/LoadTLUT_b32_b4	100.00	100.00	0.00	
RDP/LoadTLUT/LoadTLUT_b32_b8	100.00	100.00	0.00	
RDP/LoadTLUT/LoadTLUT_b8_b16	100.00	100.00	0.00	
RDP/LoadTLUT/LoadTLUT_b8_b32	98.92	98.98	13.53	
RDP/LoadTLUT/LoadTLUT_b8_b4	100.00	100.00	0.00	
RDP/LoadTLUT/LoadTLUT_b8_b8	100.00	100.00	0.00	
RDP/RDPModeInput/RDPModeInput	59.49	59.55	95.90	REF-DEDUP 3
RDP/RDPTex0And1/RDPTex0And1	99.42	99.42	7.40	
RDP/TEXRECT_Palette/TEXRECT_Palette	100.00	100.00	0.00	
RDP/TextureCoordinates/TextureCoordinates	100.00	100.00	0.00	
RDP/TextureCoordinates1/TextureCoordinates1	100.00	100.00	0.00	
RDP/TextureCoordinates1b/TextureCoordinates1b	100.00	100.00	0.00	
RDP/TextureCoordinates2/TextureCoordinates2	100.00	100.00	0.00	
RDP/TextureCoordinates2b/TextureCoordinates2b	100.00	100.00	0.00	
RDP/TexturesMaskShiftMirror/TexturesMaskCMShiftT0_1	100.00	100.00	0.00	
RDP/TexturesMaskShiftMirror/TexturesMaskCMShiftT0_2	100.00	100.00	0.00	
RDP/TexturesMaskShiftMirror/TexturesMaskCMShiftT0_3	100.00	100.00	0.00	
RDP/TexturesMaskShiftMirror/TexturesMaskCMShiftT0_4	100.00	100.00	0.00	
RDP/TexturesMaskShiftMirror/TexturesMaskCMShiftT15_1	100.00	100.00	0.00	
RDP/TexturesMaskShiftMirror/TexturesMaskCMShiftT15_2	100.00	100.00	0.00	
RDP/TexturesMaskShiftMirror/TexturesMaskCMShiftT15_3	100.00	100.00	0.00	
RDP/TexturesMaskShiftMirror/TexturesMaskCMShiftT15_4	100.00	100.00	0.00	
RDP/TexturesMaskShiftMirror/TexturesMaskCMShiftT1_1	100.00	100.00	0.00	
RDP/TexturesMaskShiftMirror/TexturesMaskCMShiftT1_2	100.00	100.00	0.00	
RDP/TexturesMaskShiftMirror/TexturesMaskCMShiftT1_3	100.00	100.00	0.00	
RDP/TexturesMaskShiftMirror/TexturesMaskCMShiftT1_4	100.00	100.00	0.00	
RDPTest/CPU/RDPTestCPU	99.07	99.07	19.13	
RDPTest/RSP/RDPTestRSP	99.06	99.06	19.34	
RDRAMTest/RDRAMTest	78.76	78.76	87.32	
RSP/DCT/FastDCTBlockDecode/RSPFastDCTBlockDecode	100.00	100.00	0.00	
RSP/DCT/FastQuantizationBlockDecode/RSPFastQuantizationBlockDecode	100.00	100.00	0.00	
RSP/DCT/FastQuantizationMultiBlock16BIT/RSPFastQuantizationMultiBlock16BIT	7.67	88.06	5.46	REF-DEDUP 3
RSP/DCT/FastZigZagQuantizationBlockDecode/RSPFastZigZagQuantizationBlockDecode	99.94	99.96	0.35	
RSP/DCT/FastZigZagQuantizationMultiBlock16BIT/RSPFastZigZagQuantizationMultiBlock16BIT	7.67	88.06	5.46	REF-DEDUP 3
RSP/DCT/FastZigZagQuantizationMultiBlock16BITYUV/RSPFastZigZagQuantizationMultiBlock16BITYUV	0.00	9.73	89.41	
RSP/DMAStride/RSPDMAStride	100.00	100.00	0.00	
RSP/Gradient/RSPGradient	100.00	100.00	0.00	
RSP/XBUS/RSPPlotTriangle/RSPPlotTriangle	100.00	100.00	0.00	
RSP/XBUS/RSPTrans2DRectangle/RSPTrans2DRectangle	99.92	99.92	7.36	
RSP/XBUS/RSPTrans2DRectangleDouble/RSPTrans2DRectangle	99.92	99.92	7.36	
RSP/XBUS/RSPTrans3DRectangle/RSPTrans3DRectangle	99.91	99.91	4.28	
RSP/XBUS/RSPTrans3DRectangleDouble/RSPTrans3DRectangle	99.95	99.95	3.07	
RSPTest/CP2/LOADSTORE/LTV/RSPCP2LTV	100.00	100.00	0.00	
RSPTest/CP2/LOADSTORE/LWV/RSPCP2LWV	100.00	100.00	0.00	
RSPTest/CP2/LOADSTORE/TransposeMatrix/RSPTransposeMatrix	100.00	100.00	0.00	
RSPTest/CP2/LOADSTORE/TransposeMatrixVMOV/RSPTransposeMatrixVMOV	100.00	100.00	0.00	
RSPTest/CP2/RESERVED/V056/RSPCP2V056	82.26	82.26	105.72	
RSPTest/CP2/RESERVED/V073/RSPCP2V073	82.06	82.06	106.13	
RSPTest/CP2/RESERVED/VACC/RSPCP2VACC	81.75	81.75	106.88	
RSPTest/CP2/RESERVED/VADDB/RSPCP2VADDB	82.24	82.24	105.75	
RSPTest/CP2/RESERVED/VEXTN/RSPCP2VEXTN	82.02	82.02	106.24	
RSPTest/CP2/RESERVED/VEXTQ/RSPCP2VEXTQ	82.02	82.02	106.24	
RSPTest/CP2/RESERVED/VEXTT/RSPCP2VEXTT	82.02	82.02	106.23	
RSPTest/CP2/RESERVED/VMULQ/RSPCP2VMULQ	82.34	82.34	105.37	
RSPTest/CP2/RESERVED/VRNDP/RSPCP2VRNDP	83.62	83.62	101.42	
RSPTest/CP2/RESERVED/VSAC/RSPCP2VSAC	82.04	82.04	106.20	
RSPTest/CP2/RESERVED/VSUBB/RSPCP2VSUBB	100.00	100.00	0.00	
RSPTest/CP2/RESERVED/VSUT/RSPCP2VSUT	82.26	82.26	105.71	
RSPTest/CP2/SORT/RSPSORT	100.00	100.00	0.00	
RSPTest/CP2/VABS/RSPCP2VABS	100.00	100.00	0.00	
RSPTest/CP2/VADD/RSPCP2VADD	100.00	100.00	0.00	
RSPTest/CP2/VAND/RSPCP2VAND	100.00	100.00	0.00	
RSPTest/CP2/VCL/RSPCP2VCL	82.39	82.39	105.33	
RSPTest/CP2/VCR/RSPCP2VCR	82.44	82.44	105.17	
RSPTest/CP2/VEQ/RSPCP2VEQ	100.00	100.00	0.00	
RSPTest/CP2/VLT/RSPCP2VLT	100.00	100.00	0.00	
RSPTest/CP2/VMACF/RSPCP2VMACF	100.00	100.00	0.00	
RSPTest/CP2/VMADL/RSPCP2VMADL	100.00	100.00	0.00	
RSPTest/CP2/VMADN/RSPCP2VMADN	100.00	100.00	0.00	
RSPTest/CP2/VMUDL/RSPCP2VMUDL	100.00	100.00	0.00	
RSPTest/CP2/VMUDN/RSPCP2VMUDN	100.00	100.00	0.00	
RSPTest/CP2/VMULF/RSPCP2VMULF	100.00	100.00	0.00	
RSPTest/CP2/VNOP/RSPCP2VNOP	100.00	100.00	0.00	
RSPTest/CP2/VOR/RSPCP2VOR	100.00	100.00	0.00	
RSPTest/CP2/VRCP/RSPCP2VRCP	100.00	100.00	0.00	
RSPTest/CP2/VRCPH/RSPCP2VRCPH	100.00	100.00	0.00	
RSPTest/CP2/VRCPL/RSPCP2VRCPL	100.00	100.00	0.00	
RSPTest/CP2/VSAR/RSPCP2VSAR	100.00	100.00	0.00	
RSPTest/CP2/VSUB/RSPCP2VSUB	100.00	100.00	0.00	
RSPTest/CP2/VXOR/RSPCP2VXOR	100.00	100.00	0.00	
RSPTest/CPU/ADD/RSPCPUADD	95.06	95.06	54.04	
RSPTest/CPU/ADDU/RSPCPUADDU	94.86	94.86	55.18	
RSPTest/CPU/AND/RSPCPUAND	100.00	100.00	0.00	
RSPTest/CPU/NOR/RSPCPUNOR	100.00	100.00	0.00	
RSPTest/CPU/OR/RSPCPUOR	96.46	96.46	46.47	
RSPTest/CPU/SHIFT/SLL/RSPCPUSLL	100.00	100.00	0.00	
RSPTest/CPU/SHIFT/SLLV/RSPCPUSLLV	100.00	100.00	0.00	
RSPTest/CPU/SHIFT/SRA/RSPCPUSRA	100.00	100.00	0.00	
RSPTest/CPU/SHIFT/SRAV/RSPCPUSRAV	100.00	100.00	0.00	
RSPTest/CPU/SHIFT/SRL/RSPCPUSRL	100.00	100.00	0.00	
RSPTest/CPU/SHIFT/SRLV/RSPCPUSRLV	100.00	100.00	0.00	
RSPTest/CPU/SUB/RSPCPUSUB	100.00	100.00	0.00	
RSPTest/CPU/SUBU/RSPCPUSUBU	100.00	100.00	0.00	
RSPTest/CPU/XOR/RSPCPUXOR	96.44	96.44	46.59	
RSPTest/DMAAlignment-SP/DMAAlignment-SP-FROM	98.41	98.41	27.14	SIZE 640x240 vs ref 640x480
RSPTest/DMAAlignment-SP/DMAAlignment-SP-TO	97.83	97.83	31.84	SIZE 640x240 vs ref 640x480
RSPTest/MEM/IMEM/RSPIMEM	100.00	100.00	0.00	
RSPTest/XBUS/RSPXBUSRDP	98.94	98.94	17.26	
Video/Devo-TimeOutForFun/Devo-TimeOutForFun	18.76	23.81	112.54	REF-DEDUP 3
Video/GRB12Decode/RDP/RDPGRB12Decode	0.00	0.06	144.69	REF-DEDUP 3
Video/GRB12LZDIFFRLEVideo/GRB12LZDIFFRLEVideo	0.00	0.06	144.69	REF-DEDUP 3
Video/GRB15Decode/RDP/RDPGRB15Decode	0.00	0.23	140.77	REF-DEDUP 3
Video/GRB15LZDIFFRLEVideo/GRB15LZDIFFRLEVideo	0.00	1.67	81.89	REF-DEDUP 3
Video/GRB24Decode/CPU/CPUGRB24Decode	100.00	100.00	0.00	REF-DEDUP 3
Video/GRB24Decode/RDP/RDPGRB24Decode	0.00	0.23	140.77	REF-DEDUP 3
Video/I4Decode/CPU/CPUI4Decode	33.13	33.34	13.00	REF-DEDUP 3
Video/I4Decode/RDP/RDPI4Decode	82.53	100.00	0.44	REF-DEDUP 3
Video/I4LZRLEVideo/I4LZRLEVideo	33.28	33.28	206.67	REF-DEDUP 3
Video/I8Decode/CPU/CPUI8Decode	32.55	96.15	35.71	
Video/I8Decode/RDP/RDPI8Decode	63.73	97.24	25.98	
Video/I8LZRLEVideo/I8LZRLEVideo	32.78	33.09	204.10	
Video/YUV16LZDIFFRLEVideo/YUV16LZDIFFRLEVideo	0.00	0.00	127.52	REF-DEDUP 3
Video/YUV8LZDIFFRLEVideo/YUV8LZDIFFRLEVideo	0.00	0.00	127.52	REF-DEDUP 3
